fuel_lb,time_min,mass_flow_lb_hr,mass_flow_kg_hr
54,48,67.5,30.617484975
58,50,69.6,31.570028951999998
48,40,72,32.658650640000005
54,42,77.14285714285715,34.991411400000004
